{
	"credit": "Made by XeKr with Blockbench",
	"parent": "minecraft:block/cross",
	"textures": {
		"1": "block/allium_3d",
		"particle": "block/allium_3d"
	},
	"elements": [
		{
			"from": [8, -1, 10],
			"to": [14, 15, 10],
			"shade": false,
			"rotation": {"angle": 0, "axis": "y", "origin": [11, 4, 10]},
			"faces": {
				"north": {"uv": [8, 0, 13, 16], "texture": "#1"},
				"south": {"uv": [8, 0, 13, 16], "texture": "#1"}
			}
		},
		{
			"from": [11, -1, 7],
			"to": [11, 15, 13],
			"shade": false,
			"rotation": {"angle": 0, "axis": "y", "origin": [11, 4, 10]},
			"faces": {
				"east": {"uv": [8, 0, 13, 16], "texture": "#1"},
				"west": {"uv": [8, 0, 13, 16], "texture": "#1"}
			}
		},
		{
			"from": [9.5, 11, 8.5],
			"to": [12.5, 14, 11.5],
			"shade": false,
			"rotation": {"angle": 45, "axis": "y", "origin": [11, 4, 10]},
			"faces": {
				"north": {"uv": [1, 4, 4, 7], "texture": "#1"},
				"east": {"uv": [1, 4, 4, 7], "texture": "#1"},
				"south": {"uv": [1, 4, 4, 7], "texture": "#1"},
				"west": {"uv": [1, 4, 4, 7], "texture": "#1"},
				"up": {"uv": [1, 4, 4, 7], "texture": "#1"},
				"down": {"uv": [1, 4, 4, 7], "texture": "#1"}
			}
		},
		{
			"from": [2, -1, 5],
			"to": [8, 10, 5],
			"shade": false,
			"rotation": {"angle": -45, "axis": "y", "origin": [5, -3, 5]},
			"faces": {
				"north": {"uv": [0, 3, 5, 14], "texture": "#1"},
				"south": {"uv": [0, 3, 5, 14], "texture": "#1"}
			}
		},
		{
			"from": [2, -1, 5],
			"to": [8, 10, 5],
			"shade": false,
			"rotation": {"angle": 45, "axis": "y", "origin": [5, -3, 5]},
			"faces": {
				"north": {"uv": [0, 3, 5, 14], "texture": "#1"},
				"south": {"uv": [0, 3, 5, 14], "texture": "#1"}
			}
		},
		{
			"from": [2, 7.5, 3.5],
			"to": [8, 7.5, 6.5],
			"shade": false,
			"rotation": {"angle": -45, "axis": "z", "origin": [5, 7.5, 5]},
			"faces": {
				"up": {"uv": [0, 0, 5, 3], "texture": "#1"},
				"down": {"uv": [0, 0, 5, 3], "rotation": 180, "texture": "#1"}
			}
		},
		{
			"from": [3.4, 5.9, 3.4],
			"to": [6.6, 9.1, 6.6],
			"shade": false,
			"rotation": {"angle": 0, "axis": "y", "origin": [3.5, 6, 3.5]},
			"faces": {
				"north": {"uv": [1, 4, 4, 7], "texture": "#1"},
				"east": {"uv": [1, 4, 4, 7], "texture": "#1"},
				"south": {"uv": [1, 4, 4, 7], "texture": "#1"},
				"west": {"uv": [1, 4, 4, 7], "texture": "#1"},
				"up": {"uv": [1, 4, 4, 7], "texture": "#1"},
				"down": {"uv": [1, 4, 4, 7], "texture": "#1"}
			}
		},
		{
			"from": [5, 4.5, 3.5],
			"to": [5, 10.5, 6.5],
			"shade": false,
			"rotation": {"angle": -45, "axis": "z", "origin": [5, 7.5, 5]},
			"faces": {
				"east": {"uv": [0, 0, 5, 3], "rotation": 90, "texture": "#1"},
				"west": {"uv": [0, 0, 5, 3], "rotation": 270, "texture": "#1"}
			}
		},
		{
			"from": [3.5, 7.5, 2],
			"to": [6.5, 7.5, 8],
			"shade": false,
			"rotation": {"angle": 45, "axis": "x", "origin": [5, 7.5, 5]},
			"faces": {
				"up": {"uv": [0, 0, 5, 3], "rotation": 90, "texture": "#1"},
				"down": {"uv": [0, 0, 5, 3], "rotation": 90, "texture": "#1"}
			}
		},
		{
			"from": [3.5, 4.5, 5],
			"to": [6.5, 10.5, 5],
			"shade": false,
			"rotation": {"angle": 45, "axis": "x", "origin": [5, 7.5, 5]},
			"faces": {
				"north": {"uv": [0, 0, 5, 3], "rotation": 270, "texture": "#1"},
				"south": {"uv": [0, 0, 5, 3], "rotation": 90, "texture": "#1"}
			}
		},
		{
			"from": [3, -1, 13],
			"to": [7, 9, 13],
			"shade": false,
			"rotation": {"angle": 22.5, "axis": "y", "origin": [5, 1, 13]},
			"faces": {
				"north": {"uv": [5, 5, 8, 15], "texture": "#1"},
				"south": {"uv": [5, 5, 8, 15], "texture": "#1"}
			}
		},
		{
			"from": [5, -1, 11],
			"to": [5, 9, 15],
			"shade": false,
			"rotation": {"angle": 22.5, "axis": "y", "origin": [5, 1, 13]},
			"faces": {
				"east": {"uv": [5, 5, 8, 15], "texture": "#1"},
				"west": {"uv": [5, 5, 8, 15], "texture": "#1"}
			}
		},
		{
			"from": [4.4, 6.9, 12.4],
			"to": [5.6, 8.1, 13.6],
			"shade": false,
			"rotation": {"angle": -22.5, "axis": "y", "origin": [5, 7.5, 13]},
			"faces": {
				"north": {"uv": [10, 2, 11, 3], "texture": "#1"},
				"east": {"uv": [10, 2, 11, 3], "texture": "#1"},
				"south": {"uv": [10, 2, 11, 3], "texture": "#1"},
				"west": {"uv": [10, 2, 11, 3], "texture": "#1"},
				"up": {"uv": [10, 2, 11, 3], "texture": "#1"},
				"down": {"uv": [10, 2, 11, 3], "texture": "#1"}
			}
		},
		{
			"from": [11, -1, 3],
			"to": [15, 9, 3],
			"shade": false,
			"rotation": {"angle": 0, "axis": "y", "origin": [13, 1, 3]},
			"faces": {
				"north": {"uv": [5, 5, 8, 15], "texture": "#1"},
				"south": {"uv": [5, 5, 8, 15], "texture": "#1"}
			}
		},
		{
			"from": [13, -1, 1],
			"to": [13, 9, 5],
			"shade": false,
			"rotation": {"angle": 0, "axis": "y", "origin": [13, 1, 3]},
			"faces": {
				"east": {"uv": [5, 5, 8, 15], "texture": "#1"},
				"west": {"uv": [5, 5, 8, 15], "texture": "#1"}
			}
		},
		{
			"from": [12.4, 6.9, 2.4],
			"to": [13.6, 8.1, 3.6],
			"shade": false,
			"rotation": {"angle": -45, "axis": "y", "origin": [13, 7.5, 3]},
			"faces": {
				"north": {"uv": [10, 2, 11, 3], "texture": "#1"},
				"east": {"uv": [10, 2, 11, 3], "texture": "#1"},
				"south": {"uv": [10, 2, 11, 3], "texture": "#1"},
				"west": {"uv": [10, 2, 11, 3], "texture": "#1"},
				"up": {"uv": [10, 2, 11, 3], "texture": "#1"},
				"down": {"uv": [10, 2, 11, 3], "texture": "#1"}
			}
		}
	],
	"groups": [
		{
			"name": "group",
			"origin": [9, 4, 9],
			"color": 0,
			"shade": false,
			"children": [0, 1, 2]
		},
		{
			"name": "group",
			"origin": [6, 5.5, 6],
			"color": 0,
			"shade": false,
			"children": [3, 4, 5, 6, 7, 8, 9]
		},
		10,
		11,
		12,
		13,
		14,
		15
	]
}