{
	"credit": "Made by XeKr with Blockbench",
	"parent": "minecraft:block/cross",
	"textures": {
		"1": "block/allium_3d",
		"particle": "block/allium_3d"
	},
	"elements": [
		{
			"from": [5, -1, 8],
			"to": [11, 12, 8],
			"shade": false,
			"rotation": {"angle": -45, "axis": "y", "origin": [8, -1, 8]},
			"faces": {
				"north": {"uv": [0, 3, 5, 16], "texture": "#1"},
				"south": {"uv": [0, 3, 5, 16], "texture": "#1"}
			}
		},
		{
			"from": [5, -1, 8],
			"to": [11, 12, 8],
			"shade": false,
			"rotation": {"angle": 45, "axis": "y", "origin": [8, -1, 8]},
			"faces": {
				"north": {"uv": [0, 3, 5, 16], "texture": "#1"},
				"south": {"uv": [0, 3, 5, 16], "texture": "#1"}
			}
		},
		{
			"from": [6.4, 7.9, 6.4],
			"to": [9.6, 11.1, 9.6],
			"shade": false,
			"rotation": {"angle": 0, "axis": "y", "origin": [6.5, 8, 6.5]},
			"faces": {
				"north": {"uv": [1, 4, 4, 7], "texture": "#1"},
				"east": {"uv": [1, 4, 4, 7], "texture": "#1"},
				"south": {"uv": [1, 4, 4, 7], "texture": "#1"},
				"west": {"uv": [1, 4, 4, 7], "texture": "#1"},
				"up": {"uv": [1, 4, 4, 7], "texture": "#1"},
				"down": {"uv": [1, 4, 4, 7], "texture": "#1"}
			}
		},
		{
			"from": [5, 9.5, 6.5],
			"to": [11, 9.5, 9.5],
			"shade": false,
			"rotation": {"angle": -45, "axis": "z", "origin": [8, 9.5, 8]},
			"faces": {
				"up": {"uv": [0, 0, 5, 3], "texture": "#1"},
				"down": {"uv": [0, 0, 5, 3], "rotation": 180, "texture": "#1"}
			}
		},
		{
			"from": [8, 6.5, 6.5],
			"to": [8, 12.5, 9.5],
			"shade": false,
			"rotation": {"angle": -45, "axis": "z", "origin": [8, 9.5, 8]},
			"faces": {
				"east": {"uv": [0, 0, 5, 3], "rotation": 90, "texture": "#1"},
				"west": {"uv": [0, 0, 5, 3], "rotation": 270, "texture": "#1"}
			}
		},
		{
			"from": [6.5, 6.5, 8],
			"to": [9.5, 12.5, 8],
			"shade": false,
			"rotation": {"angle": 45, "axis": "x", "origin": [8, 9.5, 8]},
			"faces": {
				"north": {"uv": [0, 0, 5, 3], "rotation": 270, "texture": "#1"},
				"south": {"uv": [0, 0, 5, 3], "rotation": 90, "texture": "#1"}
			}
		},
		{
			"from": [6.5, 9.5, 5],
			"to": [9.5, 9.5, 11],
			"shade": false,
			"rotation": {"angle": 45, "axis": "x", "origin": [8, 9.5, 8]},
			"faces": {
				"up": {"uv": [0, 0, 5, 3], "rotation": 90, "texture": "#1"},
				"down": {"uv": [0, 0, 5, 3], "rotation": 90, "texture": "#1"}
			}
		},
		{
			"from": [0, -1, 4],
			"to": [6, 11, 4],
			"shade": false,
			"rotation": {"angle": 0, "axis": "y", "origin": [3, 0, 4]},
			"faces": {
				"north": {"uv": [8, 0, 13, 12], "texture": "#1"},
				"south": {"uv": [8, 0, 13, 12], "texture": "#1"}
			}
		},
		{
			"from": [3, -1, 1],
			"to": [3, 11, 7],
			"shade": false,
			"rotation": {"angle": 0, "axis": "y", "origin": [3, 0, 4]},
			"faces": {
				"east": {"uv": [8, 0, 13, 12], "texture": "#1"},
				"west": {"uv": [8, 0, 13, 12], "texture": "#1"}
			}
		},
		{
			"from": [1.5, 7, 2.5],
			"to": [4.5, 10, 5.5],
			"shade": false,
			"rotation": {"angle": 45, "axis": "y", "origin": [3, 0, 4]},
			"faces": {
				"north": {"uv": [1, 4, 4, 7], "texture": "#1"},
				"east": {"uv": [1, 4, 4, 7], "texture": "#1"},
				"south": {"uv": [1, 4, 4, 7], "texture": "#1"},
				"west": {"uv": [1, 4, 4, 7], "texture": "#1"},
				"up": {"uv": [1, 4, 4, 7], "texture": "#1"},
				"down": {"uv": [1, 4, 4, 7], "texture": "#1"}
			}
		},
		{
			"from": [11, -1, 7],
			"to": [17, 11, 7],
			"shade": false,
			"rotation": {"angle": -22.5, "axis": "y", "origin": [14, 0, 7]},
			"faces": {
				"north": {"uv": [8, 0, 13, 12], "texture": "#1"},
				"south": {"uv": [8, 0, 13, 12], "texture": "#1"}
			}
		},
		{
			"from": [14, -1, 4],
			"to": [14, 11, 10],
			"shade": false,
			"rotation": {"angle": -22.5, "axis": "y", "origin": [14, 0, 7]},
			"faces": {
				"east": {"uv": [8, 0, 13, 12], "texture": "#1"},
				"west": {"uv": [8, 0, 13, 12], "texture": "#1"}
			}
		},
		{
			"from": [12.5, 7, 5.5],
			"to": [15.5, 10, 8.5],
			"shade": false,
			"rotation": {"angle": 22.5, "axis": "y", "origin": [14, 0, 7]},
			"faces": {
				"north": {"uv": [1, 4, 4, 7], "texture": "#1"},
				"east": {"uv": [1, 4, 4, 7], "texture": "#1"},
				"south": {"uv": [1, 4, 4, 7], "texture": "#1"},
				"west": {"uv": [1, 4, 4, 7], "texture": "#1"},
				"up": {"uv": [1, 4, 4, 7], "texture": "#1"},
				"down": {"uv": [1, 4, 4, 7], "texture": "#1"}
			}
		},
		{
			"from": [1, -1, 14],
			"to": [7, 11, 14],
			"shade": false,
			"rotation": {"angle": 22.5, "axis": "y", "origin": [4, 0, 14]},
			"faces": {
				"north": {"uv": [8, 0, 13, 12], "texture": "#1"},
				"south": {"uv": [8, 0, 13, 12], "texture": "#1"}
			}
		},
		{
			"from": [4, -1, 11],
			"to": [4, 11, 17],
			"shade": false,
			"rotation": {"angle": 22.5, "axis": "y", "origin": [4, 0, 14]},
			"faces": {
				"east": {"uv": [8, 0, 13, 12], "texture": "#1"},
				"west": {"uv": [8, 0, 13, 12], "texture": "#1"}
			}
		},
		{
			"from": [2.5, 7, 12.5],
			"to": [5.5, 10, 15.5],
			"shade": false,
			"rotation": {"angle": -22.5, "axis": "y", "origin": [4, 0, 14]},
			"faces": {
				"north": {"uv": [1, 4, 4, 7], "texture": "#1"},
				"east": {"uv": [1, 4, 4, 7], "texture": "#1"},
				"south": {"uv": [1, 4, 4, 7], "texture": "#1"},
				"west": {"uv": [1, 4, 4, 7], "texture": "#1"},
				"up": {"uv": [1, 4, 4, 7], "rotation": 270, "texture": "#1"},
				"down": {"uv": [1, 4, 4, 7], "rotation": 90, "texture": "#1"}
			}
		}
	]
}