{
	"credit": "Made by XeKr with Blockbench",
	"parent": "minecraft:block/cross",
	"textures": {
		"0": "block/azure_bluet_3d",
		"particle": "block/azure_bluet_3d"
	},
	"elements": [
		{
			"from": [-3.5, -1, 4],
			"to": [9.5, 7, 4],
			"shade": false,
			"rotation": {"angle": 45, "axis": "y", "origin": [3, -1, 4]},
			"faces": {
				"north": {"uv": [0, 7, 13, 15], "texture": "#0"},
				"south": {"uv": [0, 7, 13, 15], "texture": "#0"}
			}
		},
		{
			"from": [-3.5, -1, 4],
			"to": [9.5, 7, 4],
			"shade": false,
			"rotation": {"angle": -45, "axis": "y", "origin": [3, -1, 4]},
			"faces": {
				"north": {"uv": [0, 7, 13, 15], "texture": "#0"},
				"south": {"uv": [0, 7, 13, 15], "texture": "#0"}
			}
		},
		{
			"from": [-0.5, 6.5, 5],
			"to": [6.5, 6.5, 11],
			"shade": false,
			"rotation": {"angle": 22.5, "axis": "x", "origin": [3, 6.5, 4]},
			"faces": {
				"up": {"uv": [2, 1, 9, 7], "texture": "#0"},
				"down": {"uv": [2, 7, 9, 1], "texture": "#0"}
			}
		},
		{
			"from": [-4, 6.5, 0.5],
			"to": [2, 6.5, 7.5],
			"shade": false,
			"rotation": {"angle": 22.5, "axis": "z", "origin": [3, 6.5, 4]},
			"faces": {
				"up": {"uv": [2, 1, 9, 7], "rotation": 90, "texture": "#0"},
				"down": {"uv": [2, 7, 9, 1], "rotation": 270, "texture": "#0"}
			}
		},
		{
			"from": [-0.5, 6.5, -3],
			"to": [6.5, 6.5, 3],
			"shade": false,
			"rotation": {"angle": -22.5, "axis": "x", "origin": [3, 6.5, 4]},
			"faces": {
				"up": {"uv": [2, 1, 9, 7], "rotation": 180, "texture": "#0"},
				"down": {"uv": [2, 7, 9, 1], "rotation": 180, "texture": "#0"}
			}
		},
		{
			"from": [4, 6.5, 0.5],
			"to": [10, 6.5, 7.5],
			"shade": false,
			"rotation": {"angle": -22.5, "axis": "z", "origin": [3, 6.5, 4]},
			"faces": {
				"up": {"uv": [2, 1, 9, 7], "rotation": 270, "texture": "#0"},
				"down": {"uv": [2, 7, 9, 1], "rotation": 90, "texture": "#0"}
			}
		},
		{
			"from": [3, 2, 12.5],
			"to": [7, 2, 17.5],
			"shade": false,
			"rotation": {"angle": 22.5, "axis": "z", "origin": [8, 2, 15]},
			"faces": {
				"up": {"uv": [11, 0, 16, 4], "rotation": 90, "texture": "#0"},
				"down": {"uv": [16, 0, 11, 4], "rotation": 90, "texture": "#0"}
			}
		},
		{
			"from": [5.5, 2, 10],
			"to": [10.5, 2, 14],
			"shade": false,
			"rotation": {"angle": -22.5, "axis": "x", "origin": [8, 2, 15]},
			"faces": {
				"up": {"uv": [11, 0, 16, 4], "rotation": 180, "texture": "#0"},
				"down": {"uv": [16, 0, 11, 4], "texture": "#0"}
			}
		},
		{
			"from": [9, 2, 12.5],
			"to": [13, 2, 17.5],
			"shade": false,
			"rotation": {"angle": -22.5, "axis": "z", "origin": [8, 2, 15]},
			"faces": {
				"up": {"uv": [11, 0, 16, 4], "rotation": 270, "texture": "#0"},
				"down": {"uv": [16, 0, 11, 4], "rotation": 270, "texture": "#0"}
			}
		},
		{
			"from": [5.5, 2, 16],
			"to": [10.5, 2, 20],
			"shade": false,
			"rotation": {"angle": 22.5, "axis": "x", "origin": [8, 2, 15]},
			"faces": {
				"up": {"uv": [11, 0, 16, 4], "texture": "#0"},
				"down": {"uv": [16, 0, 11, 4], "rotation": 180, "texture": "#0"}
			}
		},
		{
			"from": [4.5, -1, 15],
			"to": [11.5, 3, 15],
			"shade": false,
			"rotation": {"angle": -45, "axis": "y", "origin": [8, -2, 15]},
			"faces": {
				"north": {"uv": [9, 3, 16, 7], "texture": "#0"},
				"south": {"uv": [9, 3, 16, 7], "texture": "#0"}
			}
		},
		{
			"from": [4.5, -1, 15],
			"to": [11.5, 3, 15],
			"shade": false,
			"rotation": {"angle": 45, "axis": "y", "origin": [8, -2, 15]},
			"faces": {
				"north": {"uv": [9, 3, 16, 7], "texture": "#0"},
				"south": {"uv": [9, 3, 16, 7], "texture": "#0"}
			}
		},
		{
			"from": [16, 2, 3.5],
			"to": [20, 2, 8.5],
			"shade": false,
			"rotation": {"angle": -22.5, "axis": "z", "origin": [15, 2, 6]},
			"faces": {
				"up": {"uv": [11, 4, 16, 0], "rotation": 90, "texture": "#0"},
				"down": {"uv": [16, 4, 11, 0], "rotation": 90, "texture": "#0"}
			}
		},
		{
			"from": [12.5, 2, 1],
			"to": [17.5, 2, 5],
			"shade": false,
			"rotation": {"angle": -22.5, "axis": "x", "origin": [15, 2, 6]},
			"faces": {
				"up": {"uv": [16, 0, 11, 4], "rotation": 180, "texture": "#0"},
				"down": {"uv": [11, 0, 16, 4], "texture": "#0"}
			}
		},
		{
			"from": [10, 2, 3.5],
			"to": [14, 2, 8.5],
			"shade": false,
			"rotation": {"angle": 22.5, "axis": "z", "origin": [15, 2, 6]},
			"faces": {
				"up": {"uv": [11, 4, 16, 0], "rotation": 270, "texture": "#0"},
				"down": {"uv": [16, 4, 11, 0], "rotation": 270, "texture": "#0"}
			}
		},
		{
			"from": [12.5, 2, 7],
			"to": [17.5, 2, 11],
			"shade": false,
			"rotation": {"angle": 22.5, "axis": "x", "origin": [15, 2, 6]},
			"faces": {
				"up": {"uv": [16, 0, 11, 4], "texture": "#0"},
				"down": {"uv": [11, 0, 16, 4], "rotation": 180, "texture": "#0"}
			}
		},
		{
			"from": [11.5, -1, 6],
			"to": [18.5, 3, 6],
			"shade": false,
			"rotation": {"angle": 45, "axis": "y", "origin": [15, -2, 6]},
			"faces": {
				"north": {"uv": [16, 3, 9, 7], "texture": "#0"},
				"south": {"uv": [16, 3, 9, 7], "texture": "#0"}
			}
		},
		{
			"from": [11.5, -1, 6],
			"to": [18.5, 3, 6],
			"shade": false,
			"rotation": {"angle": -45, "axis": "y", "origin": [15, -2, 6]},
			"faces": {
				"north": {"uv": [16, 3, 9, 7], "texture": "#0"},
				"south": {"uv": [16, 3, 9, 7], "texture": "#0"}
			}
		}
	],
	"groups": [
		{
			"name": "group",
			"origin": [6, 6.5, 6],
			"color": 0,
			"children": [0, 1, 2, 3, 4, 5]
		},
		{
			"name": "group",
			"origin": [13, -1, 13],
			"color": 0,
			"children": [6, 7, 8, 9, 10, 11]
		},
		{
			"name": "group",
			"origin": [13, -1, 13],
			"color": 0,
			"children": [12, 13, 14, 15, 16, 17]
		}
	]
}