{
	"credit": "Made by XeKr with Blockbench",
	"parent": "minecraft:block/cross",
	"textures": {
		"0": "block/azure_bluet_3d",
		"particle": "block/azure_bluet_3d"
	},
	"elements": [
		{
			"from": [-1.5, -1, 4],
			"to": [13.5, 8, 4],
			"shade": false,
			"rotation": {"angle": 45, "axis": "y", "origin": [6, -2, 4]},
			"faces": {
				"north": {"uv": [0, 7, 13, 16], "texture": "#0"},
				"south": {"uv": [0, 7, 13, 16], "texture": "#0"}
			}
		},
		{
			"from": [-1.5, -1, 4],
			"to": [13.5, 8, 4],
			"shade": false,
			"rotation": {"angle": -45, "axis": "y", "origin": [6, -2, 4]},
			"faces": {
				"north": {"uv": [0, 7, 13, 16], "texture": "#0"},
				"south": {"uv": [0, 7, 13, 16], "texture": "#0"}
			}
		},
		{
			"from": [1.5, 7, 5],
			"to": [10.5, 7, 12],
			"shade": false,
			"rotation": {"angle": 22.5, "axis": "x", "origin": [6, 7, 4]},
			"faces": {
				"up": {"uv": [0, 0, 9, 7], "texture": "#0"},
				"down": {"uv": [0, 7, 9, 0], "texture": "#0"}
			}
		},
		{
			"from": [-2, 7, -0.5],
			"to": [5, 7, 8.5],
			"shade": false,
			"rotation": {"angle": 22.5, "axis": "z", "origin": [6, 7, 4]},
			"faces": {
				"up": {"uv": [0, 0, 9, 7], "rotation": 90, "texture": "#0"},
				"down": {"uv": [0, 7, 9, 0], "rotation": 270, "texture": "#0"}
			}
		},
		{
			"from": [1.5, 7, -4],
			"to": [10.5, 7, 3],
			"shade": false,
			"rotation": {"angle": -22.5, "axis": "x", "origin": [6, 7, 4]},
			"faces": {
				"up": {"uv": [0, 0, 9, 7], "rotation": 180, "texture": "#0"},
				"down": {"uv": [0, 7, 9, 0], "rotation": 180, "texture": "#0"}
			}
		},
		{
			"from": [7, 7, -0.5],
			"to": [14, 7, 8.5],
			"shade": false,
			"rotation": {"angle": -22.5, "axis": "z", "origin": [6, 7, 4]},
			"faces": {
				"up": {"uv": [0, 0, 9, 7], "rotation": 270, "texture": "#0"},
				"down": {"uv": [0, 7, 9, 0], "rotation": 90, "texture": "#0"}
			}
		},
		{
			"from": [12, 5.5, 10.5],
			"to": [18, 5.5, 17.5],
			"shade": false,
			"rotation": {"angle": -22.5, "axis": "z", "origin": [11, 5.5, 14]},
			"faces": {
				"up": {"uv": [2, 1, 9, 7], "rotation": 270, "texture": "#0"},
				"down": {"uv": [2, 7, 9, 1], "rotation": 90, "texture": "#0"}
			}
		},
		{
			"from": [4.5, -2, 14],
			"to": [17.5, 6, 14],
			"shade": false,
			"rotation": {"angle": 45, "axis": "y", "origin": [11, -2, 14]},
			"faces": {
				"north": {"uv": [0, 7, 13, 15], "texture": "#0"},
				"south": {"uv": [0, 7, 13, 15], "texture": "#0"}
			}
		},
		{
			"from": [4.5, -2, 14],
			"to": [17.5, 6, 14],
			"shade": false,
			"rotation": {"angle": -45, "axis": "y", "origin": [11, -2, 14]},
			"faces": {
				"north": {"uv": [0, 7, 13, 15], "texture": "#0"},
				"south": {"uv": [0, 7, 13, 15], "texture": "#0"}
			}
		},
		{
			"from": [7.5, 5.5, 15],
			"to": [14.5, 5.5, 21],
			"shade": false,
			"rotation": {"angle": 22.5, "axis": "x", "origin": [11, 5.5, 14]},
			"faces": {
				"up": {"uv": [2, 1, 9, 7], "texture": "#0"},
				"down": {"uv": [2, 7, 9, 1], "texture": "#0"}
			}
		},
		{
			"from": [4, 5.5, 10.5],
			"to": [10, 5.5, 17.5],
			"shade": false,
			"rotation": {"angle": 22.5, "axis": "z", "origin": [11, 5.5, 14]},
			"faces": {
				"up": {"uv": [2, 1, 9, 7], "rotation": 90, "texture": "#0"},
				"down": {"uv": [2, 7, 9, 1], "rotation": 270, "texture": "#0"}
			}
		},
		{
			"from": [7.5, 5.5, 7],
			"to": [14.5, 5.5, 13],
			"shade": false,
			"rotation": {"angle": -22.5, "axis": "x", "origin": [11, 5.5, 14]},
			"faces": {
				"up": {"uv": [2, 1, 9, 7], "rotation": 180, "texture": "#0"},
				"down": {"uv": [2, 7, 9, 1], "rotation": 180, "texture": "#0"}
			}
		}
	],
	"groups": [
		{
			"name": "group",
			"origin": [8, 7, 8],
			"color": 0,
			"children": [0, 1, 2, 3, 4, 5]
		},
		{
			"name": "group",
			"origin": [8, 6.5, 8],
			"color": 0,
			"children": [6, 7, 8, 9, 10, 11]
		}
	]
}