{
	"credit": "Made by XeKr with Blockbench",
	"parent": "minecraft:block/cross",
	"textures": {
		"0": "block/lily_of_the_valley_3d",
		"particle": "block/lily_of_the_valley_3d"
	},
	"elements": [
		{
			"from": [11, -1, -5],
			"to": [11, 6, 2],
			"shade": false,
			"rotation": {"angle": 22.5, "axis": "y", "origin": [11, -1, 2]},
			"faces": {
				"east": {"uv": [2, 3, 9, 10], "texture": "#0"},
				"west": {"uv": [9, 3, 2, 10], "texture": "#0"}
			}
		},
		{
			"from": [9.5, 1.6, -4.5],
			"to": [9.5, 4.6, -1.5],
			"shade": false,
			"rotation": {"angle": -22.5, "axis": "x", "origin": [9.5, 4.6, -1.5]},
			"faces": {
				"east": {"uv": [0, 0, 3, 3], "texture": "#0"},
				"west": {"uv": [3, 0, 0, 3], "texture": "#0"}
			}
		},
		{
			"from": [12.5, 3, 3.5],
			"to": [15.5, 6, 3.5],
			"shade": false,
			"rotation": {"angle": -22.5, "axis": "z", "origin": [12.5, 6, 3.5]},
			"faces": {
				"north": {"uv": [3, 0, 0, 3], "texture": "#0"},
				"south": {"uv": [0, 0, 3, 3], "texture": "#0"}
			}
		},
		{
			"from": [11, -1, 2],
			"to": [11, 3, 8],
			"shade": false,
			"rotation": {"angle": 0, "axis": "y", "origin": [11, -1, 2]},
			"faces": {
				"east": {"uv": [9, 3, 3, 7], "texture": "#0"},
				"west": {"uv": [3, 3, 9, 7], "texture": "#0"}
			}
		},
		{
			"from": [11, -1, 2],
			"to": [17, 3, 2],
			"shade": false,
			"rotation": {"angle": 0, "axis": "y", "origin": [11, -1, 2]},
			"faces": {
				"north": {"uv": [9, 3, 3, 7], "texture": "#0"},
				"south": {"uv": [3, 3, 9, 7], "texture": "#0"}
			}
		},
		{
			"from": [11, -1, 2],
			"to": [17, 3, 2],
			"shade": false,
			"rotation": {"angle": 22.5, "axis": "y", "origin": [11, -1, 2]},
			"faces": {
				"north": {"uv": [9, 3, 3, 7], "texture": "#0"},
				"south": {"uv": [3, 3, 9, 7], "texture": "#0"}
			}
		},
		{
			"from": [11, -1, 2],
			"to": [14, 8, 2],
			"shade": false,
			"rotation": {"angle": -45, "axis": "y", "origin": [11, -1, 2]},
			"faces": {
				"north": {"uv": [13, 6, 10, 15], "texture": "#0"},
				"south": {"uv": [10, 6, 13, 15], "texture": "#0"}
			}
		},
		{
			"from": [8, -1, 2],
			"to": [11, 8, 2],
			"shade": false,
			"rotation": {"angle": 0, "axis": "y", "origin": [11, -1, 2]},
			"faces": {
				"north": {"uv": [10, 6, 13, 15], "texture": "#0"},
				"south": {"uv": [13, 6, 10, 15], "texture": "#0"}
			}
		},
		{
			"from": [11, -1, -1],
			"to": [11, 6, 2],
			"shade": false,
			"rotation": {"angle": -22.5, "axis": "y", "origin": [11, -1, 2]},
			"faces": {
				"east": {"uv": [10, 6, 13, 13], "texture": "#0"},
				"west": {"uv": [13, 6, 10, 13], "texture": "#0"}
			}
		},
		{
			"from": [7, 0, -1],
			"to": [11, 0, 5],
			"shade": false,
			"rotation": {"angle": -22.5, "axis": "z", "origin": [11, 0, 2]},
			"faces": {
				"up": {"uv": [16, 0, 10, 4], "rotation": 90, "texture": "#0"},
				"down": {"uv": [10, 0, 16, 4], "rotation": 90, "texture": "#0"}
			}
		},
		{
			"from": [8, 0, -2],
			"to": [14, 0, 2],
			"shade": false,
			"rotation": {"angle": 22.5, "axis": "x", "origin": [11, 0, 2]},
			"faces": {
				"up": {"uv": [16, 0, 10, 4], "rotation": 180, "texture": "#0"},
				"down": {"uv": [10, 0, 16, 4], "texture": "#0"}
			}
		},
		{
			"from": [11, 0, -1],
			"to": [15, 0, 5],
			"shade": false,
			"rotation": {"angle": 22.5, "axis": "z", "origin": [11, 0, 2]},
			"faces": {
				"up": {"uv": [16, 0, 10, 4], "rotation": 270, "texture": "#0"},
				"down": {"uv": [10, 0, 16, 4], "rotation": 270, "texture": "#0"}
			}
		},
		{
			"from": [8, 0, 2],
			"to": [14, 0, 6],
			"shade": false,
			"rotation": {"angle": -22.5, "axis": "x", "origin": [11, 0, 2]},
			"faces": {
				"up": {"uv": [16, 0, 10, 4], "texture": "#0"},
				"down": {"uv": [10, 0, 16, 4], "rotation": 180, "texture": "#0"}
			}
		},
		{
			"from": [-5, -1, 10],
			"to": [3, 10, 10],
			"shade": false,
			"rotation": {"angle": 22.5, "axis": "y", "origin": [3, -1, 10]},
			"faces": {
				"north": {"uv": [1, 3, 9, 14], "texture": "#0"},
				"south": {"uv": [9, 3, 1, 14], "texture": "#0"}
			}
		},
		{
			"from": [-4, -1, 10],
			"to": [3, 6, 10],
			"shade": false,
			"rotation": {"angle": 0, "axis": "y", "origin": [3, -1, 10]},
			"faces": {
				"north": {"uv": [2, 3, 9, 10], "texture": "#0"},
				"south": {"uv": [9, 3, 2, 10], "texture": "#0"}
			}
		},
		{
			"from": [3, -1, 10],
			"to": [9, 3, 10],
			"shade": false,
			"rotation": {"angle": 0, "axis": "y", "origin": [3, -1, 10]},
			"faces": {
				"north": {"uv": [9, 3, 3, 7], "texture": "#0"},
				"south": {"uv": [3, 3, 9, 7], "texture": "#0"}
			}
		},
		{
			"from": [3, -1, 4],
			"to": [3, 3, 10],
			"shade": false,
			"rotation": {"angle": 0, "axis": "y", "origin": [3, -1, 10]},
			"faces": {
				"east": {"uv": [3, 3, 9, 7], "texture": "#0"},
				"west": {"uv": [9, 3, 3, 7], "texture": "#0"}
			}
		},
		{
			"from": [3, -1, 4],
			"to": [3, 3, 10],
			"shade": false,
			"rotation": {"angle": 22.5, "axis": "y", "origin": [3, -1, 10]},
			"faces": {
				"east": {"uv": [3, 3, 9, 7], "texture": "#0"},
				"west": {"uv": [9, 3, 3, 7], "texture": "#0"}
			}
		},
		{
			"from": [3, -1, 10],
			"to": [3, 10, 14],
			"shade": false,
			"rotation": {"angle": 0, "axis": "y", "origin": [3, -1, 10]},
			"faces": {
				"east": {"uv": [14, 5, 10, 16], "texture": "#0"},
				"west": {"uv": [10, 5, 14, 16], "texture": "#0"}
			}
		},
		{
			"from": [3, -1, 7],
			"to": [3, 8, 10],
			"shade": false,
			"rotation": {"angle": -45, "axis": "y", "origin": [3, -1, 10]},
			"faces": {
				"east": {"uv": [10, 6, 13, 15], "texture": "#0"},
				"west": {"uv": [13, 6, 10, 15], "texture": "#0"}
			}
		},
		{
			"from": [-1, -1, 10],
			"to": [3, 11, 10],
			"shade": false,
			"rotation": {"angle": -45, "axis": "y", "origin": [3, -1, 10]},
			"faces": {
				"north": {"uv": [10, 4, 14, 16], "texture": "#0"},
				"south": {"uv": [14, 4, 10, 16], "texture": "#0"}
			}
		},
		{
			"from": [3, 6, 14],
			"to": [3, 9, 17],
			"shade": false,
			"rotation": {"angle": 22.5, "axis": "x", "origin": [3, 9, 14]},
			"faces": {
				"east": {"uv": [3, 0, 0, 3], "texture": "#0"},
				"west": {"uv": [0, 0, 3, 3], "texture": "#0"}
			}
		},
		{
			"from": [-6, 6, 12.5],
			"to": [-3, 9, 12.5],
			"shade": false,
			"rotation": {"angle": 22.5, "axis": "z", "origin": [-3, 9, 12.5]},
			"faces": {
				"north": {"uv": [0, 0, 3, 3], "texture": "#0"},
				"south": {"uv": [3, 0, 0, 3], "texture": "#0"}
			}
		},
		{
			"from": [-3.6, 4.7, 11.6],
			"to": [-0.6, 7.7, 11.6],
			"shade": false,
			"rotation": {"angle": 22.5, "axis": "z", "origin": [-0.6, 7.7, 11.6]},
			"faces": {
				"north": {"uv": [0, 0, 3, 3], "texture": "#0"},
				"south": {"uv": [3, 0, 0, 3], "texture": "#0"}
			}
		},
		{
			"from": [3.1, 3, 12],
			"to": [3.1, 6, 15],
			"shade": false,
			"rotation": {"angle": 22.5, "axis": "x", "origin": [3.1, 6, 12]},
			"faces": {
				"east": {"uv": [3, 0, 0, 3], "texture": "#0"},
				"west": {"uv": [0, 0, 3, 3], "texture": "#0"}
			}
		},
		{
			"from": [0, 0, 10],
			"to": [6, 0, 14],
			"shade": false,
			"rotation": {"angle": -22.5, "axis": "x", "origin": [3, 0, 10]},
			"faces": {
				"up": {"uv": [16, 0, 10, 4], "texture": "#0"},
				"down": {"uv": [10, 0, 16, 4], "rotation": 180, "texture": "#0"}
			}
		},
		{
			"from": [-1, 0, 7],
			"to": [3, 0, 13],
			"shade": false,
			"rotation": {"angle": -22.5, "axis": "z", "origin": [3, 0, 10]},
			"faces": {
				"up": {"uv": [16, 0, 10, 4], "rotation": 90, "texture": "#0"},
				"down": {"uv": [10, 0, 16, 4], "rotation": 90, "texture": "#0"}
			}
		},
		{
			"from": [0, 0, 6],
			"to": [6, 0, 10],
			"shade": false,
			"rotation": {"angle": 22.5, "axis": "x", "origin": [3, 0, 10]},
			"faces": {
				"up": {"uv": [16, 0, 10, 4], "rotation": 180, "texture": "#0"},
				"down": {"uv": [10, 0, 16, 4], "texture": "#0"}
			}
		},
		{
			"from": [3, 0, 7],
			"to": [7, 0, 13],
			"shade": false,
			"rotation": {"angle": 22.5, "axis": "z", "origin": [3, 0, 10]},
			"faces": {
				"up": {"uv": [16, 0, 10, 4], "rotation": 270, "texture": "#0"},
				"down": {"uv": [10, 0, 16, 4], "rotation": 270, "texture": "#0"}
			}
		},
		{
			"from": [13, -1, 13],
			"to": [20, 6, 13],
			"shade": false,
			"rotation": {"angle": 22.5, "axis": "y", "origin": [13, -1, 13]},
			"faces": {
				"north": {"uv": [9, 3, 2, 10], "texture": "#0"},
				"south": {"uv": [2, 3, 9, 10], "texture": "#0"}
			}
		},
		{
			"from": [16.5, 1.6, 11.5],
			"to": [19.5, 4.6, 11.5],
			"shade": false,
			"rotation": {"angle": -22.5, "axis": "z", "origin": [16.5, 4.6, 11.5]},
			"faces": {
				"north": {"uv": [3, 0, 0, 3], "texture": "#0"},
				"south": {"uv": [0, 0, 3, 3], "texture": "#0"}
			}
		},
		{
			"from": [11.5, 3, 14.5],
			"to": [11.5, 6, 17.5],
			"shade": false,
			"rotation": {"angle": 22.5, "axis": "x", "origin": [11.5, 6, 14.5]},
			"faces": {
				"east": {"uv": [3, 0, 0, 3], "texture": "#0"},
				"west": {"uv": [0, 0, 3, 3], "texture": "#0"}
			}
		},
		{
			"from": [7, -1, 13],
			"to": [13, 3, 13],
			"shade": false,
			"rotation": {"angle": 0, "axis": "y", "origin": [13, -1, 13]},
			"faces": {
				"north": {"uv": [3, 3, 9, 7], "texture": "#0"},
				"south": {"uv": [9, 3, 3, 7], "texture": "#0"}
			}
		},
		{
			"from": [13, -1, 13],
			"to": [13, 3, 19],
			"shade": false,
			"rotation": {"angle": 0, "axis": "y", "origin": [13, -1, 13]},
			"faces": {
				"east": {"uv": [9, 3, 3, 7], "texture": "#0"},
				"west": {"uv": [3, 3, 9, 7], "texture": "#0"}
			}
		},
		{
			"from": [13, -1, 13],
			"to": [13, 3, 19],
			"shade": false,
			"rotation": {"angle": 22.5, "axis": "y", "origin": [13, -1, 13]},
			"faces": {
				"east": {"uv": [9, 3, 3, 7], "texture": "#0"},
				"west": {"uv": [3, 3, 9, 7], "texture": "#0"}
			}
		},
		{
			"from": [13, -1, 13],
			"to": [13, 8, 16],
			"shade": false,
			"rotation": {"angle": -45, "axis": "y", "origin": [13, -1, 13]},
			"faces": {
				"east": {"uv": [13, 6, 10, 15], "texture": "#0"},
				"west": {"uv": [10, 6, 13, 15], "texture": "#0"}
			}
		},
		{
			"from": [13, -1, 10],
			"to": [13, 8, 13],
			"shade": false,
			"rotation": {"angle": 0, "axis": "y", "origin": [13, -1, 13]},
			"faces": {
				"east": {"uv": [10, 6, 13, 15], "texture": "#0"},
				"west": {"uv": [13, 6, 10, 15], "texture": "#0"}
			}
		},
		{
			"from": [13, -1, 13],
			"to": [16, 6, 13],
			"shade": false,
			"rotation": {"angle": -22.5, "axis": "y", "origin": [13, -1, 13]},
			"faces": {
				"north": {"uv": [13, 6, 10, 13], "texture": "#0"},
				"south": {"uv": [10, 6, 13, 13], "texture": "#0"}
			}
		},
		{
			"from": [10, 0, 9],
			"to": [16, 0, 13],
			"shade": false,
			"rotation": {"angle": 22.5, "axis": "x", "origin": [13, 0, 13]},
			"faces": {
				"up": {"uv": [16, 0, 10, 4], "rotation": 180, "texture": "#0"},
				"down": {"uv": [10, 0, 16, 4], "texture": "#0"}
			}
		},
		{
			"from": [13, 0, 10],
			"to": [17, 0, 16],
			"shade": false,
			"rotation": {"angle": 22.5, "axis": "z", "origin": [13, 0, 13]},
			"faces": {
				"up": {"uv": [16, 0, 10, 4], "rotation": 270, "texture": "#0"},
				"down": {"uv": [10, 0, 16, 4], "rotation": 270, "texture": "#0"}
			}
		},
		{
			"from": [10, 0, 13],
			"to": [16, 0, 17],
			"shade": false,
			"rotation": {"angle": -22.5, "axis": "x", "origin": [13, 0, 13]},
			"faces": {
				"up": {"uv": [16, 0, 10, 4], "texture": "#0"},
				"down": {"uv": [10, 0, 16, 4], "rotation": 180, "texture": "#0"}
			}
		},
		{
			"from": [9, 0, 10],
			"to": [13, 0, 16],
			"shade": false,
			"rotation": {"angle": -22.5, "axis": "z", "origin": [13, 0, 13]},
			"faces": {
				"up": {"uv": [16, 0, 10, 4], "rotation": 90, "texture": "#0"},
				"down": {"uv": [10, 0, 16, 4], "rotation": 90, "texture": "#0"}
			}
		}
	],
	"groups": [
		{
			"name": "group",
			"origin": [8, 0, 8],
			"color": 0,
			"children": [0, 1, 2, 3, 4, 5, 6, 7, 8, 9, 10, 11, 12]
		},
		{
			"name": "group",
			"origin": [8, 0, 8],
			"color": 0,
			"children": [13, 14, 15, 16, 17, 18, 19, 20, 21, 22, 23, 24, 25, 26, 27, 28]
		},
		{
			"name": "group",
			"origin": [8, 0, 8],
			"color": 0,
			"children": [29, 30, 31, 32, 33, 34, 35, 36, 37, 38, 39, 40, 41]
		}
	]
}