{
	"credit": "Made by XeKr with Blockbench",
	"parent": "block/flower_pot_cross",
	"textures": {
		"1": "block/pot_3d5",
		"2": "block/pot_3d5_2",
		"3": "block/jungle_pot",
		"particle": "block/pot_3d5"
	},
	"elements": [
		{
			"from": [4, 0, 4],
			"to": [12, 1, 12],
			"faces": {
				"north": {"uv": [1, 13, 9, 14], "texture": "#1"},
				"east": {"uv": [1, 13, 9, 14], "texture": "#1"},
				"south": {"uv": [1, 13, 9, 14], "texture": "#1"},
				"west": {"uv": [1, 13, 9, 14], "texture": "#1"},
				"down": {"uv": [0, 0, 8, 8], "texture": "#2"}
			}
		},
		{
			"from": [3.5, 3, 3.5],
			"to": [12.5, 4, 12.5],
			"faces": {
				"north": {"uv": [0, 10, 9, 11], "texture": "#1"},
				"east": {"uv": [0, 10, 9, 11], "texture": "#1"},
				"south": {"uv": [0, 10, 9, 11], "texture": "#1"},
				"west": {"uv": [0, 10, 9, 11], "texture": "#1"}
			}
		},
		{
			"from": [3, 1, 3],
			"to": [13, 3, 13],
			"faces": {
				"north": {"uv": [0, 11, 10, 13], "texture": "#1"},
				"east": {"uv": [0, 11, 10, 13], "texture": "#1"},
				"south": {"uv": [0, 11, 10, 13], "texture": "#1"},
				"west": {"uv": [0, 11, 10, 13], "texture": "#1"},
				"up": {"uv": [0, 0, 10, 10], "texture": "#1"},
				"down": {"uv": [0, 0, 10, 10], "texture": "#1"}
			}
		},
		{
			"from": [3, 4, 3],
			"to": [13, 5, 13],
			"faces": {
				"north": {"uv": [0, 9, 10, 10], "texture": "#1"},
				"east": {"uv": [0, 9, 10, 10], "texture": "#1"},
				"south": {"uv": [0, 9, 10, 10], "texture": "#1"},
				"west": {"uv": [0, 9, 10, 10], "texture": "#1"},
				"up": {"uv": [0, 0, 10, 10], "texture": "#1"},
				"down": {"uv": [0, 0, 10, 10], "texture": "#1"}
			}
		},
		{
			"from": [12.01, 5.01, 12.01],
			"to": [3.99, 4.04, 3.99],
			"rotation": {"angle": 0, "axis": "y", "origin": [1, -3, 1]},
			"faces": {
				"north": {"uv": [0, 10, 10, 9], "texture": "#1"},
				"east": {"uv": [0, 10, 10, 9], "texture": "#1"},
				"south": {"uv": [0, 10, 10, 9], "texture": "#1"},
				"west": {"uv": [0, 10, 10, 9], "texture": "#1"},
				"up": {"uv": [0, 8, 8, 16], "texture": "#2"}
			}
		},
		{
			"from": [6, 4, 6],
			"to": [10, 8, 10],
			"rotation": {"angle": 0, "axis": "y", "origin": [6, 4, 6]},
			"faces": {
				"north": {"uv": [0, 12, 4, 16], "texture": "#3"},
				"east": {"uv": [0, 12, 4, 16], "texture": "#3"},
				"south": {"uv": [0, 12, 4, 16], "texture": "#3"},
				"west": {"uv": [0, 12, 4, 16], "texture": "#3"},
				"up": {"uv": [0, 7, 4, 11], "texture": "#3"}
			}
		},
		{
			"from": [7, 8, 7],
			"to": [9, 9, 9],
			"rotation": {"angle": 0, "axis": "y", "origin": [6, 5, 6]},
			"faces": {
				"north": {"uv": [1, 11, 3, 12], "texture": "#3"},
				"east": {"uv": [1, 11, 3, 12], "texture": "#3"},
				"south": {"uv": [1, 11, 3, 12], "texture": "#3"},
				"west": {"uv": [1, 11, 3, 12], "texture": "#3"},
				"up": {"uv": [1, 8, 3, 10], "texture": "#3"}
			}
		},
		{
			"from": [9, 8, 8],
			"to": [13, 17, 8],
			"rotation": {"angle": -22.5, "axis": "y", "origin": [8, 8, 8]},
			"faces": {
				"north": {"uv": [8, 7, 4, 16], "texture": "#3"},
				"south": {"uv": [4, 7, 8, 16], "texture": "#3"}
			}
		},
		{
			"from": [8, 8, 3],
			"to": [8, 17, 7],
			"rotation": {"angle": -22.5, "axis": "y", "origin": [8, 8, 8]},
			"faces": {
				"east": {"uv": [4, 7, 8, 16], "texture": "#3"},
				"west": {"uv": [8, 7, 4, 16], "texture": "#3"}
			}
		},
		{
			"from": [8, 8, 3],
			"to": [8, 17, 7],
			"rotation": {"angle": 45, "axis": "y", "origin": [8, 8, 8]},
			"faces": {
				"east": {"uv": [4, 7, 8, 16], "texture": "#3"},
				"west": {"uv": [8, 7, 4, 16], "texture": "#3"}
			}
		},
		{
			"from": [3, 8, 8],
			"to": [7, 17, 8],
			"rotation": {"angle": 22.5, "axis": "y", "origin": [8, 8, 8]},
			"faces": {
				"north": {"uv": [4, 7, 8, 16], "texture": "#3"},
				"south": {"uv": [8, 7, 4, 16], "texture": "#3"}
			}
		},
		{
			"from": [8, 8, 9],
			"to": [8, 17, 13],
			"rotation": {"angle": 0, "axis": "y", "origin": [8, 8, 8]},
			"faces": {
				"east": {"uv": [8, 7, 4, 16], "texture": "#3"},
				"west": {"uv": [4, 7, 8, 16], "texture": "#3"}
			}
		},
		{
			"from": [8, 6, 10],
			"to": [8, 13, 20],
			"rotation": {"angle": -45, "axis": "y", "origin": [8, 7, 8]},
			"faces": {
				"east": {"uv": [10, 0, 0, 7], "texture": "#3"},
				"west": {"uv": [0, 0, 10, 7], "texture": "#3"}
			}
		},
		{
			"from": [8, 6, 10],
			"to": [8, 13, 20],
			"rotation": {"angle": 22.5, "axis": "y", "origin": [8, 7, 8]},
			"faces": {
				"east": {"uv": [10, 0, 0, 7], "texture": "#3"},
				"west": {"uv": [0, 0, 10, 7], "texture": "#3"}
			}
		},
		{
			"from": [10, 6, 8],
			"to": [20, 13, 8],
			"rotation": {"angle": 22.5, "axis": "y", "origin": [8, 7, 8]},
			"faces": {
				"north": {"uv": [10, 0, 0, 7], "texture": "#3"},
				"south": {"uv": [0, 0, 10, 7], "texture": "#3"}
			}
		},
		{
			"from": [8, 6, -4],
			"to": [8, 13, 6],
			"rotation": {"angle": 22.5, "axis": "y", "origin": [8, 7, 8]},
			"faces": {
				"east": {"uv": [0, 0, 10, 7], "texture": "#3"},
				"west": {"uv": [10, 0, 0, 7], "texture": "#3"}
			}
		},
		{
			"from": [-4, 6, 8],
			"to": [6, 13, 8],
			"rotation": {"angle": -22.5, "axis": "y", "origin": [8, 7, 8]},
			"faces": {
				"north": {"uv": [0, 0, 10, 7], "texture": "#3"},
				"south": {"uv": [10, 0, 0, 7], "texture": "#3"}
			}
		},
		{
			"from": [5.5, 4.6, 4],
			"to": [10.5, 4.6, 7],
			"rotation": {"angle": 45, "axis": "x", "origin": [8, 4.6, 7]},
			"faces": {
				"up": {"uv": [11, 13, 16, 16], "texture": "#3"},
				"down": {"uv": [11, 16, 16, 13], "texture": "#3"}
			}
		},
		{
			"from": [5.5, 5.57305, 0.65064],
			"to": [10.5, 5.57305, 4.65064],
			"rotation": {"angle": 22.5, "axis": "x", "origin": [8, 5.57305, 7.65064]},
			"faces": {
				"up": {"uv": [11, 9, 16, 13], "texture": "#3"},
				"down": {"uv": [11, 13, 16, 9], "texture": "#3"}
			}
		},
		{
			"from": [5.5, 8.25176, -1.81613],
			"to": [10.5, 8.25176, 1.18387],
			"rotation": {"angle": 0, "axis": "x", "origin": [8, 8.25176, 8.18387]},
			"faces": {
				"up": {"uv": [11, 6, 16, 9], "texture": "#3"},
				"down": {"uv": [11, 9, 16, 6], "texture": "#3"}
			}
		},
		{
			"from": [5.5, 12.07867, -4.57695],
			"to": [10.5, 12.07867, -2.57695],
			"rotation": {"angle": -22.5, "axis": "x", "origin": [8, 12.07867, 7.42305]},
			"faces": {
				"up": {"uv": [11, 4, 16, 6], "texture": "#3"},
				"down": {"uv": [11, 6, 16, 4], "texture": "#3"}
			}
		},
		{
			"from": [9, 4.6, 5.5],
			"to": [12, 4.6, 10.5],
			"rotation": {"angle": 45, "axis": "z", "origin": [9, 4.6, 8]},
			"faces": {
				"up": {"uv": [11, 13, 16, 16], "rotation": 90, "texture": "#3"},
				"down": {"uv": [11, 16, 16, 13], "rotation": 270, "texture": "#3"}
			}
		},
		{
			"from": [11.34936, 5.57305, 5.5],
			"to": [15.34936, 5.57305, 10.5],
			"rotation": {"angle": 22.5, "axis": "z", "origin": [8.34936, 5.57305, 8]},
			"faces": {
				"up": {"uv": [11, 9, 16, 13], "rotation": 90, "texture": "#3"},
				"down": {"uv": [11, 13, 16, 9], "rotation": 270, "texture": "#3"}
			}
		},
		{
			"from": [14.81613, 8.25176, 5.5],
			"to": [17.81613, 8.25176, 10.5],
			"rotation": {"angle": 0, "axis": "x", "origin": [7.81613, 8.25176, 8]},
			"faces": {
				"up": {"uv": [11, 6, 16, 9], "rotation": 90, "texture": "#3"},
				"down": {"uv": [11, 9, 16, 6], "rotation": 270, "texture": "#3"}
			}
		},
		{
			"from": [18.57695, 12.07867, 5.5],
			"to": [20.57695, 12.07867, 10.5],
			"rotation": {"angle": -22.5, "axis": "z", "origin": [8.57695, 12.07867, 8]},
			"faces": {
				"up": {"uv": [11, 4, 16, 6], "rotation": 90, "texture": "#3"},
				"down": {"uv": [11, 6, 16, 4], "rotation": 270, "texture": "#3"}
			}
		},
		{
			"from": [5.57695, 11.97867, 19],
			"to": [10.57695, 11.97867, 21],
			"rotation": {"angle": 22.5, "axis": "x", "origin": [8.07695, 11.97867, 9]},
			"faces": {
				"up": {"uv": [11, 4, 16, 6], "rotation": 180, "texture": "#3"},
				"down": {"uv": [11, 6, 16, 4], "rotation": 180, "texture": "#3"}
			}
		},
		{
			"from": [5.57695, 4.5, 9.42305],
			"to": [10.57695, 4.5, 12.42305],
			"rotation": {"angle": -45, "axis": "x", "origin": [8.07695, 4.5, 9.42305]},
			"faces": {
				"up": {"uv": [11, 13, 16, 16], "rotation": 180, "texture": "#3"},
				"down": {"uv": [11, 16, 16, 13], "rotation": 180, "texture": "#3"}
			}
		},
		{
			"from": [5.57695, 5.47305, 11.7724],
			"to": [10.57695, 5.47305, 15.7724],
			"rotation": {"angle": -22.5, "axis": "x", "origin": [8.07695, 5.47305, 8.7724]},
			"faces": {
				"up": {"uv": [11, 9, 16, 13], "rotation": 180, "texture": "#3"},
				"down": {"uv": [11, 13, 16, 9], "rotation": 180, "texture": "#3"}
			}
		},
		{
			"from": [5.57695, 8.15176, 15.23918],
			"to": [10.57695, 8.15176, 18.23918],
			"rotation": {"angle": 0, "axis": "x", "origin": [8.07695, 8.15176, 8.23918]},
			"faces": {
				"up": {"uv": [11, 6, 16, 9], "rotation": 180, "texture": "#3"},
				"down": {"uv": [11, 9, 16, 6], "rotation": 180, "texture": "#3"}
			}
		},
		{
			"from": [-5.42305, 11.97867, 5.5],
			"to": [-3.42305, 11.97867, 10.5],
			"rotation": {"angle": 22.5, "axis": "z", "origin": [6.57695, 11.97867, 8]},
			"faces": {
				"up": {"uv": [11, 4, 16, 6], "rotation": 270, "texture": "#3"},
				"down": {"uv": [11, 6, 16, 4], "rotation": 90, "texture": "#3"}
			}
		},
		{
			"from": [3.15391, 4.5, 5.5],
			"to": [6.15391, 4.5, 10.5],
			"rotation": {"angle": -45, "axis": "z", "origin": [6.15391, 4.5, 8]},
			"faces": {
				"up": {"uv": [11, 13, 16, 16], "rotation": 270, "texture": "#3"},
				"down": {"uv": [11, 16, 16, 13], "rotation": 90, "texture": "#3"}
			}
		},
		{
			"from": [-0.19545, 5.47305, 5.5],
			"to": [3.80455, 5.47305, 10.5],
			"rotation": {"angle": -22.5, "axis": "z", "origin": [6.80455, 5.47305, 8]},
			"faces": {
				"up": {"uv": [11, 9, 16, 13], "rotation": 270, "texture": "#3"},
				"down": {"uv": [11, 13, 16, 9], "rotation": 90, "texture": "#3"}
			}
		},
		{
			"from": [-2.66222, 8.15176, 5.5],
			"to": [0.33778, 8.15176, 10.5],
			"rotation": {"angle": 0, "axis": "x", "origin": [7.33778, 8.15176, 8]},
			"faces": {
				"up": {"uv": [11, 6, 16, 9], "rotation": 270, "texture": "#3"},
				"down": {"uv": [11, 9, 16, 6], "rotation": 90, "texture": "#3"}
			}
		},
		{
			"from": [8, 5.2, 5.5],
			"to": [20, 5.2, 10.5],
			"rotation": {"angle": 45, "axis": "y", "origin": [8, 5.2, 8]},
			"faces": {
				"up": {"uv": [11, 4, 16, 16], "rotation": 90, "texture": "#3"},
				"down": {"uv": [11, 16, 16, 4], "rotation": 270, "texture": "#3"}
			}
		},
		{
			"from": [5.5, 5.5, -4],
			"to": [10.5, 5.5, 8],
			"rotation": {"angle": 45, "axis": "y", "origin": [8, 5.3, 8]},
			"faces": {
				"up": {"uv": [11, 4, 16, 16], "texture": "#3"},
				"down": {"uv": [11, 16, 16, 4], "texture": "#3"}
			}
		},
		{
			"from": [-4, 5.4, 5.5],
			"to": [8, 5.4, 10.5],
			"rotation": {"angle": 45, "axis": "y", "origin": [8, 5.2, 8]},
			"faces": {
				"up": {"uv": [11, 4, 16, 16], "rotation": 270, "texture": "#3"},
				"down": {"uv": [11, 16, 16, 4], "rotation": 90, "texture": "#3"}
			}
		},
		{
			"from": [5.5, 5.3, 8],
			"to": [10.5, 5.3, 20],
			"rotation": {"angle": 45, "axis": "y", "origin": [8, 5.3, 8]},
			"faces": {
				"up": {"uv": [11, 4, 16, 16], "rotation": 180, "texture": "#3"},
				"down": {"uv": [11, 16, 16, 4], "rotation": 180, "texture": "#3"}
			}
		},
		{
			"from": [6.5, 9.1, 7],
			"to": [9.5, 13.1, 7],
			"rotation": {"angle": -45, "axis": "x", "origin": [8, 8.1, 8]},
			"faces": {
				"north": {"uv": [8, 16, 11, 12], "rotation": 180, "texture": "#3"},
				"south": {"uv": [8, 12, 11, 16], "texture": "#3"}
			}
		},
		{
			"from": [6.5, 8.93867, 0.75976],
			"to": [9.5, 8.93867, 3.75976],
			"rotation": {"angle": 22.5, "axis": "x", "origin": [8, 9.93867, 8.75976]},
			"faces": {
				"up": {"uv": [8, 9, 11, 12], "texture": "#3"},
				"down": {"uv": [8, 12, 11, 9], "texture": "#3"}
			}
		},
		{
			"from": [6.5, 12.07618, -1.01357],
			"to": [9.5, 12.07618, 0.98643],
			"rotation": {"angle": 0, "axis": "x", "origin": [8, 13.07618, 8.98643]},
			"faces": {
				"up": {"uv": [8, 7, 11, 9], "texture": "#3"},
				"down": {"uv": [8, 9, 11, 7], "texture": "#3"}
			}
		},
		{
			"from": [9, 9.1, 6.5],
			"to": [9, 13.1, 9.5],
			"rotation": {"angle": -45, "axis": "z", "origin": [8, 8.1, 8]},
			"faces": {
				"east": {"uv": [8, 16, 11, 12], "rotation": 180, "texture": "#3"},
				"west": {"uv": [8, 12, 11, 16], "texture": "#3"}
			}
		},
		{
			"from": [12.24024, 8.93867, 6.5],
			"to": [15.24024, 8.93867, 9.5],
			"rotation": {"angle": 22.5, "axis": "z", "origin": [7.24024, 9.93867, 8]},
			"faces": {
				"up": {"uv": [8, 9, 11, 12], "rotation": 90, "texture": "#3"},
				"down": {"uv": [8, 12, 11, 9], "rotation": 270, "texture": "#3"}
			}
		},
		{
			"from": [15.01357, 12.07618, 6.5],
			"to": [17.01357, 12.07618, 9.5],
			"rotation": {"angle": 0, "axis": "x", "origin": [7.01357, 13.07618, 8]},
			"faces": {
				"up": {"uv": [8, 7, 11, 9], "rotation": 90, "texture": "#3"},
				"down": {"uv": [8, 9, 11, 7], "rotation": 270, "texture": "#3"}
			}
		},
		{
			"from": [6.5, 9, 9],
			"to": [9.5, 13, 9],
			"rotation": {"angle": 45, "axis": "x", "origin": [8, 8, 8]},
			"faces": {
				"north": {"uv": [8, 12, 11, 16], "texture": "#3"},
				"south": {"uv": [8, 16, 11, 12], "rotation": 180, "texture": "#3"}
			}
		},
		{
			"from": [6.5, 8.83867, 12.24024],
			"to": [9.5, 8.83867, 15.24024],
			"rotation": {"angle": -22.5, "axis": "x", "origin": [8, 9.83867, 7.24024]},
			"faces": {
				"up": {"uv": [8, 9, 11, 12], "rotation": 180, "texture": "#3"},
				"down": {"uv": [8, 12, 11, 9], "rotation": 180, "texture": "#3"}
			}
		},
		{
			"from": [6.5, 11.97618, 15.01357],
			"to": [9.5, 11.97618, 17.01357],
			"rotation": {"angle": 0, "axis": "x", "origin": [8, 12.97618, 7.01357]},
			"faces": {
				"up": {"uv": [8, 7, 11, 9], "rotation": 180, "texture": "#3"},
				"down": {"uv": [8, 9, 11, 7], "rotation": 180, "texture": "#3"}
			}
		},
		{
			"from": [7, 9, 6.5],
			"to": [7, 13, 9.5],
			"rotation": {"angle": 45, "axis": "z", "origin": [8, 8, 8]},
			"faces": {
				"east": {"uv": [8, 12, 11, 16], "texture": "#3"},
				"west": {"uv": [8, 16, 11, 12], "rotation": 180, "texture": "#3"}
			}
		},
		{
			"from": [0.75976, 8.83867, 6.5],
			"to": [3.75976, 8.83867, 9.5],
			"rotation": {"angle": -22.5, "axis": "z", "origin": [8.75976, 9.83867, 8]},
			"faces": {
				"up": {"uv": [8, 9, 11, 12], "rotation": 270, "texture": "#3"},
				"down": {"uv": [8, 12, 11, 9], "rotation": 90, "texture": "#3"}
			}
		},
		{
			"from": [-1.01357, 11.97618, 6.5],
			"to": [0.98643, 11.97618, 9.5],
			"rotation": {"angle": 0, "axis": "x", "origin": [8.98643, 12.97618, 8]},
			"faces": {
				"up": {"uv": [8, 7, 11, 9], "rotation": 270, "texture": "#3"},
				"down": {"uv": [8, 9, 11, 7], "rotation": 90, "texture": "#3"}
			}
		}
	],
	"groups": [
		{
			"name": "group",
			"origin": [1, -3, 1],
			"color": 0,
			"children": [0, 1, 2, 3, 4]
		},
		5,
		6,
		{
			"name": "group",
			"origin": [8, 7, 8],
			"color": 0,
			"children": [7, 8, 9, 10, 11, 12, 13, 14, 15, 16]
		},
		{
			"name": "group",
			"origin": [6.33778, 8.15176, 8],
			"color": 0,
			"children": [17, 18, 19, 20, 21, 22, 23, 24, 25, 26, 27, 28, 29, 30, 31, 32]
		},
		33,
		34,
		35,
		36,
		{
			"name": "group",
			"origin": [8, 12.97618, 8.98643],
			"color": 0,
			"children": [37, 38, 39, 40, 41, 42, 43, 44, 45, 46, 47, 48]
		}
	]
}