{
	"credit": "Made by XeKr with Blockbench",
	"parent": "block/flower_pot_cross",
	"textures": {
		"0": "block/dandelion_3d",
		"1": "block/pot_3d1",
		"particle": "block/pot_3d1"
	},
	"elements": [
		{
			"from": [4, 1, 4],
			"to": [12, 6, 12],
			"faces": {
				"north": {"uv": [8, 2, 16, 7], "texture": "#1"},
				"east": {"uv": [8, 2, 16, 7], "texture": "#1"},
				"south": {"uv": [8, 2, 16, 7], "texture": "#1"},
				"west": {"uv": [8, 2, 16, 7], "texture": "#1"},
				"up": {"uv": [0, 0, 8, 8], "texture": "#1"},
				"down": {"uv": [0, 0, 8, 8], "texture": "#1"}
			}
		},
		{
			"from": [4, 7, 4],
			"to": [12, 8, 12],
			"faces": {
				"north": {"uv": [0, 0, 8, 1], "texture": "#1"},
				"east": {"uv": [0, 0, 8, 1], "texture": "#1"},
				"south": {"uv": [0, 0, 8, 1], "texture": "#1"},
				"west": {"uv": [0, 0, 8, 1], "texture": "#1"},
				"up": {"uv": [0, 0, 8, 8], "texture": "#1"},
				"down": {"uv": [0, 0, 8, 8], "texture": "#1"}
			}
		},
		{
			"from": [5, 0, 5],
			"to": [11, 1, 11],
			"faces": {
				"north": {"uv": [9, 7, 15, 8], "texture": "#1"},
				"east": {"uv": [9, 7, 15, 8], "texture": "#1"},
				"south": {"uv": [9, 7, 15, 8], "texture": "#1"},
				"west": {"uv": [9, 7, 15, 8], "texture": "#1"},
				"down": {"uv": [9, 9, 15, 15], "texture": "#1"}
			}
		},
		{
			"from": [5, 6, 5],
			"to": [11, 7, 11],
			"faces": {
				"north": {"uv": [9, 1, 15, 2], "texture": "#1"},
				"east": {"uv": [9, 1, 15, 2], "texture": "#1"},
				"south": {"uv": [9, 1, 15, 2], "texture": "#1"},
				"west": {"uv": [9, 1, 15, 2], "texture": "#1"}
			}
		},
		{
			"from": [11.01, 8.01, 11.01],
			"to": [4.99, 6.04, 4.99],
			"faces": {
				"north": {"uv": [9, 2, 15, 0], "texture": "#1"},
				"east": {"uv": [9, 2, 15, 0], "texture": "#1"},
				"south": {"uv": [9, 2, 15, 0], "texture": "#1"},
				"west": {"uv": [9, 2, 15, 0], "texture": "#1"},
				"up": {"uv": [1, 9, 7, 15], "texture": "#1"}
			}
		},
		{
			"from": [3, 3, 8],
			"to": [13, 13, 8],
			"shade": false,
			"rotation": {"angle": 45, "axis": "y", "origin": [8, 8, 8]},
			"faces": {
				"north": {"uv": [9, 6, 0, 16], "texture": "#0"},
				"south": {"uv": [0, 6, 9, 16], "texture": "#0"}
			}
		},
		{
			"from": [3, 3, 8],
			"to": [13, 13, 8],
			"shade": false,
			"rotation": {"angle": 0, "axis": "y", "origin": [8, 8, 8]},
			"faces": {
				"north": {"uv": [0, 6, 9, 16], "texture": "#0"},
				"south": {"uv": [9, 6, 0, 16], "texture": "#0"}
			}
		},
		{
			"from": [8, 3, 4],
			"to": [8, 11, 12],
			"shade": false,
			"rotation": {"angle": 0, "axis": "y", "origin": [8, 8, 8]},
			"faces": {
				"east": {"uv": [9, 8, 16, 16], "texture": "#0"},
				"west": {"uv": [16, 8, 9, 16], "texture": "#0"}
			}
		},
		{
			"from": [4, 3, 8],
			"to": [12, 11, 8],
			"shade": false,
			"rotation": {"angle": -45, "axis": "y", "origin": [8, 8, 8]},
			"faces": {
				"north": {"uv": [16, 8, 9, 16], "texture": "#0"},
				"south": {"uv": [9, 8, 16, 16], "texture": "#0"}
			}
		},
		{
			"from": [3, 10.5, 6.6],
			"to": [3, 13.5, 9.6],
			"shade": false,
			"rotation": {"angle": -45, "axis": "z", "origin": [3, 12, 8.1]},
			"faces": {
				"east": {"uv": [3, 3, 6, 0], "rotation": 180, "texture": "#0"},
				"west": {"uv": [3, 0, 6, 3], "texture": "#0"}
			}
		},
		{
			"from": [3.8, 11, 10.3],
			"to": [5.8, 11, 12.3],
			"shade": false,
			"rotation": {"angle": 45, "axis": "y", "origin": [4.8, 11, 11.3]},
			"faces": {
				"up": {"uv": [6, 0, 8, 2], "rotation": 90, "texture": "#0"},
				"down": {"uv": [6, 2, 8, 0], "rotation": 270, "texture": "#0"}
			}
		},
		{
			"from": [4.2, 8.8, 7],
			"to": [4.2, 10.8, 9],
			"shade": false,
			"rotation": {"angle": 22.5, "axis": "z", "origin": [4.2, 9.8, 8]},
			"faces": {
				"east": {"uv": [6, 2, 8, 0], "rotation": 180, "texture": "#0"},
				"west": {"uv": [6, 0, 8, 2], "texture": "#0"}
			}
		},
		{
			"from": [6.6, 11, 6.6],
			"to": [8.6, 11, 8.6],
			"shade": false,
			"rotation": {"angle": -45, "axis": "x", "origin": [7.6, 11, 7.6]},
			"faces": {
				"up": {"uv": [6, 0, 8, 2], "rotation": 90, "texture": "#0"},
				"down": {"uv": [6, 2, 8, 0], "rotation": 270, "texture": "#0"}
			}
		},
		{
			"from": [9.4, 11, 8.8],
			"to": [12.4, 11, 11.8],
			"shade": false,
			"rotation": {"angle": 22.5, "axis": "y", "origin": [10.9, 11, 10.3]},
			"faces": {
				"up": {"uv": [0, 0, 3, 3], "texture": "#0"},
				"down": {"uv": [0, 3, 3, 0], "texture": "#0"}
			}
		},
		{
			"from": [11.5, 11, 6.5],
			"to": [14.5, 11, 9.5],
			"shade": false,
			"rotation": {"angle": -45, "axis": "z", "origin": [13, 11, 8]},
			"faces": {
				"up": {"uv": [3, 0, 6, 3], "rotation": 270, "texture": "#0"},
				"down": {"uv": [3, 3, 6, 0], "rotation": 90, "texture": "#0"}
			}
		},
		{
			"from": [6.5, 10, 10.5],
			"to": [9.5, 10, 13.5],
			"shade": false,
			"rotation": {"angle": 45, "axis": "x", "origin": [8, 10, 12]},
			"faces": {
				"up": {"uv": [3, 0, 6, 3], "texture": "#0"},
				"down": {"uv": [3, 3, 6, 0], "texture": "#0"}
			}
		},
		{
			"from": [6.5, 11, 3],
			"to": [9.5, 11, 6],
			"shade": false,
			"rotation": {"angle": -22.5, "axis": "y", "origin": [8, 11, 4.5]},
			"faces": {
				"up": {"uv": [3, 0, 6, 3], "rotation": 90, "texture": "#0"},
				"down": {"uv": [3, 3, 6, 0], "rotation": 270, "texture": "#0"}
			}
		},
		{
			"from": [7.9, 13, 6.4],
			"to": [10.9, 13, 9.4],
			"shade": false,
			"rotation": {"angle": -22.5, "axis": "x", "origin": [9.4, 13, 7.9]},
			"faces": {
				"up": {"uv": [3, 0, 6, 3], "rotation": 180, "texture": "#0"},
				"down": {"uv": [3, 3, 6, 0], "rotation": 180, "texture": "#0"}
			}
		},
		{
			"from": [9.7, 12.1, 3],
			"to": [12.7, 12.1, 6],
			"shade": false,
			"rotation": {"angle": -22.5, "axis": "x", "origin": [11.2, 12.1, 4.5]},
			"faces": {
				"up": {"uv": [0, 0, 3, 3], "rotation": 180, "texture": "#0"},
				"down": {"uv": [0, 3, 3, 0], "rotation": 180, "texture": "#0"}
			}
		},
		{
			"from": [7, 9.1, 2],
			"to": [10, 9.1, 5],
			"shade": false,
			"rotation": {"angle": -45, "axis": "x", "origin": [8.5, 9.1, 3.5]},
			"faces": {
				"up": {"uv": [0, 0, 3, 3], "rotation": 180, "texture": "#0"},
				"down": {"uv": [0, 3, 3, 0], "rotation": 180, "texture": "#0"}
			}
		},
		{
			"from": [5.1, 8.5, 3.6],
			"to": [5.1, 11.5, 6.6],
			"shade": false,
			"rotation": {"angle": -22.5, "axis": "z", "origin": [5.1, 10, 5.1]},
			"faces": {
				"east": {"uv": [0, 3, 3, 0], "rotation": 180, "texture": "#0"},
				"west": {"uv": [0, 0, 3, 3], "texture": "#0"}
			}
		},
		{
			"from": [5.3, 13, 7.7],
			"to": [8.3, 13, 10.7],
			"shade": false,
			"rotation": {"angle": 22.5, "axis": "x", "origin": [6.8, 13, 9.2]},
			"faces": {
				"up": {"uv": [0, 0, 3, 3], "texture": "#0"},
				"down": {"uv": [0, 3, 3, 0], "texture": "#0"}
			}
		},
		{
			"from": [4, 10, 1],
			"to": [12, 10, 7],
			"rotation": {"angle": -22.5, "axis": "x", "origin": [8, 8, 8]},
			"faces": {
				"up": {"uv": [8, 6, 16, 0], "texture": "#0"},
				"down": {"uv": [8, 0, 16, 6], "texture": "#0"}
			}
		},
		{
			"from": [9, 10, 4],
			"to": [15, 10, 12],
			"rotation": {"angle": -22.5, "axis": "z", "origin": [8, 8, 8]},
			"faces": {
				"up": {"uv": [8, 6, 16, 0], "rotation": 90, "texture": "#0"},
				"down": {"uv": [8, 0, 16, 6], "rotation": 270, "texture": "#0"}
			}
		},
		{
			"from": [4, 10, 9],
			"to": [12, 10, 15],
			"rotation": {"angle": 22.5, "axis": "x", "origin": [8, 8, 8]},
			"faces": {
				"up": {"uv": [8, 6, 16, 0], "rotation": 180, "texture": "#0"},
				"down": {"uv": [8, 0, 16, 6], "rotation": 180, "texture": "#0"}
			}
		},
		{
			"from": [1, 10, 4],
			"to": [7, 10, 12],
			"rotation": {"angle": 22.5, "axis": "z", "origin": [8, 8, 8]},
			"faces": {
				"up": {"uv": [8, 6, 16, 0], "rotation": 270, "texture": "#0"},
				"down": {"uv": [8, 0, 16, 6], "rotation": 90, "texture": "#0"}
			}
		}
	],
	"groups": [
		0,
		1,
		2,
		3,
		4,
		{
			"name": "group",
			"origin": [11, 8.1, 5],
			"color": 0,
			"children": [
				5,
				6,
				7,
				8,
				{
					"name": "group",
					"origin": [7, 13, 9],
					"color": 0,
					"children": [9, 10, 11, 12, 13, 14, 15, 16, 17, 18, 19, 20, 21]
				}
			]
		},
		22,
		23,
		24,
		25
	]
}