{
	"credit": "Made by XeKr with Blockbench",
	"parent": "block/flower_pot_cross",
	"textures": {
		"0": "block/lily_of_the_valley_3d",
		"1": "block/pot_3d2",
		"particle": "block/pot_3d2"
	},
	"elements": [
		{
			"from": [4, 5, 4],
			"to": [12, 7, 12],
			"faces": {
				"north": {"uv": [8, 1, 16, 3], "texture": "#1"},
				"east": {"uv": [8, 1, 16, 3], "texture": "#1"},
				"south": {"uv": [8, 1, 16, 3], "texture": "#1"},
				"west": {"uv": [8, 1, 16, 3], "texture": "#1"},
				"up": {"uv": [0, 0, 8, 8], "texture": "#1"},
				"down": {"uv": [0, 0, 8, 8], "texture": "#1"}
			}
		},
		{
			"from": [5, 0, 5],
			"to": [11, 5, 11],
			"faces": {
				"north": {"uv": [9, 3, 15, 8], "texture": "#1"},
				"east": {"uv": [9, 3, 15, 8], "texture": "#1"},
				"south": {"uv": [9, 3, 15, 8], "texture": "#1"},
				"west": {"uv": [9, 3, 15, 8], "texture": "#1"},
				"down": {"uv": [9, 9, 15, 15], "texture": "#1"}
			}
		},
		{
			"from": [11.01, 7.01, 11.01],
			"to": [4.99, 5.04, 4.99],
			"faces": {
				"north": {"uv": [9, 3, 15, 1], "texture": "#1"},
				"east": {"uv": [9, 3, 15, 1], "texture": "#1"},
				"south": {"uv": [9, 3, 15, 1], "texture": "#1"},
				"west": {"uv": [9, 3, 15, 1], "texture": "#1"},
				"up": {"uv": [1, 9, 7, 15], "texture": "#1"}
			}
		},
		{
			"from": [8, 5, 8],
			"to": [17, 18, 8],
			"shade": false,
			"rotation": {"angle": -45, "axis": "y", "origin": [8, 5, 8]},
			"faces": {
				"north": {"uv": [9, 3, 0, 16], "texture": "#0"},
				"south": {"uv": [0, 3, 9, 16], "texture": "#0"}
			}
		},
		{
			"from": [8, 5, 8],
			"to": [8, 14, 15],
			"shade": false,
			"rotation": {"angle": 0, "axis": "y", "origin": [8, 5, 8]},
			"faces": {
				"east": {"uv": [9, 3, 2, 12], "texture": "#0"},
				"west": {"uv": [2, 3, 9, 12], "texture": "#0"}
			}
		},
		{
			"from": [1, 5, 8],
			"to": [8, 12, 8],
			"shade": false,
			"rotation": {"angle": -22.5, "axis": "y", "origin": [8, 5, 8]},
			"faces": {
				"north": {"uv": [2, 3, 9, 10], "texture": "#0"},
				"south": {"uv": [9, 3, 2, 10], "texture": "#0"}
			}
		},
		{
			"from": [8, 5, 1],
			"to": [8, 14, 8],
			"shade": false,
			"rotation": {"angle": -45, "axis": "y", "origin": [8, 5, 8]},
			"faces": {
				"east": {"uv": [2, 3, 9, 12], "texture": "#0"},
				"west": {"uv": [9, 3, 2, 12], "texture": "#0"}
			}
		},
		{
			"from": [8, 5, 2],
			"to": [8, 9, 8],
			"shade": false,
			"rotation": {"angle": -22.5, "axis": "y", "origin": [8, 5, 8]},
			"faces": {
				"east": {"uv": [3, 3, 9, 7], "texture": "#0"},
				"west": {"uv": [9, 3, 3, 7], "texture": "#0"}
			}
		},
		{
			"from": [2, 5, 8],
			"to": [8, 9, 8],
			"shade": false,
			"rotation": {"angle": 0, "axis": "y", "origin": [8, 5, 8]},
			"faces": {
				"north": {"uv": [3, 3, 9, 7], "texture": "#0"},
				"south": {"uv": [9, 3, 3, 7], "texture": "#0"}
			}
		},
		{
			"from": [8, 5, 8],
			"to": [8, 9, 14],
			"shade": false,
			"rotation": {"angle": 22.5, "axis": "y", "origin": [8, 5, 8]},
			"faces": {
				"east": {"uv": [9, 3, 3, 7], "texture": "#0"},
				"west": {"uv": [3, 3, 9, 7], "texture": "#0"}
			}
		},
		{
			"from": [8, 5, 8],
			"to": [12, 16, 8],
			"shade": false,
			"rotation": {"angle": 0, "axis": "y", "origin": [8, 5, 8]},
			"faces": {
				"north": {"uv": [14, 5, 10, 16], "texture": "#0"},
				"south": {"uv": [10, 5, 14, 16], "texture": "#0"}
			}
		},
		{
			"from": [4, 5, 8],
			"to": [8, 16, 8],
			"shade": false,
			"rotation": {"angle": -45, "axis": "y", "origin": [8, 5, 8]},
			"faces": {
				"north": {"uv": [10, 4, 14, 15], "texture": "#0"},
				"south": {"uv": [14, 4, 10, 15], "texture": "#0"}
			}
		},
		{
			"from": [8, 5, 8],
			"to": [8, 17, 12],
			"shade": false,
			"rotation": {"angle": -45, "axis": "y", "origin": [8, 5, 8]},
			"faces": {
				"east": {"uv": [14, 4, 10, 16], "texture": "#0"},
				"west": {"uv": [10, 4, 14, 16], "texture": "#0"}
			}
		},
		{
			"from": [0, 5, 8],
			"to": [8, 18, 8],
			"shade": false,
			"rotation": {"angle": 22.5, "axis": "y", "origin": [8, 5, 8]},
			"faces": {
				"north": {"uv": [0, 3, 8, 16], "texture": "#0"},
				"south": {"uv": [8, 3, 0, 16], "texture": "#0"}
			}
		},
		{
			"from": [8, 5, 1],
			"to": [8, 17, 8],
			"shade": false,
			"rotation": {"angle": 0, "axis": "y", "origin": [8, 5, 8]},
			"faces": {
				"east": {"uv": [0, 4, 7, 16], "texture": "#0"},
				"west": {"uv": [7, 4, 0, 16], "texture": "#0"}
			}
		},
		{
			"from": [4, 6, 5],
			"to": [8, 6, 11],
			"shade": false,
			"rotation": {"angle": -22.5, "axis": "z", "origin": [8, 6, 8]},
			"faces": {
				"up": {"uv": [16, 0, 10, 4], "rotation": 90, "texture": "#0"},
				"down": {"uv": [10, 0, 16, 4], "rotation": 90, "texture": "#0"}
			}
		},
		{
			"from": [11, 12, 11],
			"to": [11, 15, 14],
			"shade": false,
			"rotation": {"angle": 22.5, "axis": "x", "origin": [11, 15, 11]},
			"faces": {
				"east": {"uv": [3, 0, 0, 3], "texture": "#0"},
				"west": {"uv": [0, 0, 3, 3], "texture": "#0"}
			}
		},
		{
			"from": [12, 13, 12],
			"to": [12, 16, 15],
			"shade": false,
			"rotation": {"angle": 22.5, "axis": "x", "origin": [12, 16, 12]},
			"faces": {
				"east": {"uv": [3, 0, 0, 3], "texture": "#0"},
				"west": {"uv": [0, 0, 3, 3], "texture": "#0"}
			}
		},
		{
			"from": [13, 14, 13],
			"to": [13, 17, 16],
			"shade": false,
			"rotation": {"angle": 22.5, "axis": "x", "origin": [13, 17, 13]},
			"faces": {
				"east": {"uv": [3, 0, 0, 3], "texture": "#0"},
				"west": {"uv": [0, 0, 3, 3], "texture": "#0"}
			}
		},
		{
			"from": [0, 12.9, 10.1],
			"to": [3, 15.9, 10.1],
			"shade": false,
			"rotation": {"angle": 22.5, "axis": "z", "origin": [3, 15.9, 10.1]},
			"faces": {
				"north": {"uv": [0, 0, 3, 3], "texture": "#0"},
				"south": {"uv": [3, 0, 0, 3], "texture": "#0"}
			}
		},
		{
			"from": [1.4, 10, 9.5],
			"to": [4.4, 13, 9.5],
			"shade": false,
			"rotation": {"angle": 22.5, "axis": "z", "origin": [4.4, 13, 9.5]},
			"faces": {
				"north": {"uv": [0, 0, 3, 3], "texture": "#0"},
				"south": {"uv": [3, 0, 0, 3], "texture": "#0"}
			}
		},
		{
			"from": [7.9, 10, 1.5],
			"to": [7.9, 13, 4.5],
			"shade": false,
			"rotation": {"angle": -22.5, "axis": "x", "origin": [7.9, 13, 4.5]},
			"faces": {
				"east": {"uv": [0, 0, 3, 3], "texture": "#0"},
				"west": {"uv": [3, 0, 0, 3], "texture": "#0"}
			}
		},
		{
			"from": [8.1, 13, -0.5],
			"to": [8.1, 16, 2.5],
			"shade": false,
			"rotation": {"angle": -22.5, "axis": "x", "origin": [8.1, 16, 2.5]},
			"faces": {
				"east": {"uv": [0, 0, 3, 3], "texture": "#0"},
				"west": {"uv": [3, 0, 0, 3], "texture": "#0"}
			}
		},
		{
			"from": [5, 6, 4],
			"to": [11, 6, 8],
			"shade": false,
			"rotation": {"angle": 22.5, "axis": "x", "origin": [8, 6, 8]},
			"faces": {
				"up": {"uv": [16, 0, 10, 4], "rotation": 180, "texture": "#0"},
				"down": {"uv": [10, 0, 16, 4], "texture": "#0"}
			}
		},
		{
			"from": [8, 6, 5],
			"to": [12, 6, 11],
			"shade": false,
			"rotation": {"angle": 22.5, "axis": "z", "origin": [8, 6, 8]},
			"faces": {
				"up": {"uv": [16, 0, 10, 4], "rotation": 270, "texture": "#0"},
				"down": {"uv": [10, 0, 16, 4], "rotation": 270, "texture": "#0"}
			}
		},
		{
			"from": [5, 6, 8],
			"to": [11, 6, 12],
			"shade": false,
			"rotation": {"angle": -22.5, "axis": "x", "origin": [8, 6, 8]},
			"faces": {
				"up": {"uv": [16, 0, 10, 4], "texture": "#0"},
				"down": {"uv": [10, 0, 16, 4], "rotation": 180, "texture": "#0"}
			}
		}
	],
	"groups": [
		0,
		1,
		2,
		{
			"name": "group",
			"origin": [8, 0, 8],
			"color": 0,
			"children": [3, 4, 5, 6, 7, 8, 9, 10, 11, 12, 13, 14, 15, 16, 17, 18, 19, 20, 21, 22, 23, 24, 25]
		}
	]
}