{
	"credit": "Made by XeKr with Blockbench",
	"parent": "block/flower_pot_cross",
	"textures": {
		"1": "block/pot_3d5",
		"2": "block/pot_3d5_2",
		"3": "block/birch_pot",
		"particle": "block/pot_3d5"
	},
	"elements": [
		{
			"from": [4, 0, 4],
			"to": [12, 1, 12],
			"faces": {
				"north": {"uv": [1, 13, 9, 14], "texture": "#1"},
				"east": {"uv": [1, 13, 9, 14], "texture": "#1"},
				"south": {"uv": [1, 13, 9, 14], "texture": "#1"},
				"west": {"uv": [1, 13, 9, 14], "texture": "#1"},
				"down": {"uv": [0, 0, 8, 8], "texture": "#2"}
			}
		},
		{
			"from": [3.5, 3, 3.5],
			"to": [12.5, 4, 12.5],
			"faces": {
				"north": {"uv": [0, 10, 9, 11], "texture": "#1"},
				"east": {"uv": [0, 10, 9, 11], "texture": "#1"},
				"south": {"uv": [0, 10, 9, 11], "texture": "#1"},
				"west": {"uv": [0, 10, 9, 11], "texture": "#1"}
			}
		},
		{
			"from": [3, 1, 3],
			"to": [13, 3, 13],
			"faces": {
				"north": {"uv": [0, 11, 10, 13], "texture": "#1"},
				"east": {"uv": [0, 11, 10, 13], "texture": "#1"},
				"south": {"uv": [0, 11, 10, 13], "texture": "#1"},
				"west": {"uv": [0, 11, 10, 13], "texture": "#1"},
				"up": {"uv": [0, 0, 10, 10], "texture": "#1"},
				"down": {"uv": [0, 0, 10, 10], "texture": "#1"}
			}
		},
		{
			"from": [3, 4, 3],
			"to": [13, 5, 13],
			"faces": {
				"north": {"uv": [0, 9, 10, 10], "texture": "#1"},
				"east": {"uv": [0, 9, 10, 10], "texture": "#1"},
				"south": {"uv": [0, 9, 10, 10], "texture": "#1"},
				"west": {"uv": [0, 9, 10, 10], "texture": "#1"},
				"up": {"uv": [0, 0, 10, 10], "texture": "#1"},
				"down": {"uv": [0, 0, 10, 10], "texture": "#1"}
			}
		},
		{
			"from": [12.01, 5.01, 12.01],
			"to": [3.99, 4.04, 3.99],
			"rotation": {"angle": 0, "axis": "y", "origin": [1, -3, 1]},
			"faces": {
				"north": {"uv": [0, 10, 10, 9], "texture": "#1"},
				"east": {"uv": [0, 10, 10, 9], "texture": "#1"},
				"south": {"uv": [0, 10, 10, 9], "texture": "#1"},
				"west": {"uv": [0, 10, 10, 9], "texture": "#1"},
				"up": {"uv": [0, 8, 8, 16], "texture": "#2"}
			}
		},
		{
			"from": [4, 4, 8],
			"to": [12, 14, 8],
			"rotation": {"angle": 45, "axis": "y", "origin": [8, 5, 8]},
			"faces": {
				"north": {"uv": [12, 6, 4, 16], "texture": "#3"},
				"south": {"uv": [4, 6, 12, 16], "texture": "#3"}
			}
		},
		{
			"from": [8, 4, 4],
			"to": [8, 14, 12],
			"rotation": {"angle": 45, "axis": "y", "origin": [8, 5, 8]},
			"faces": {
				"east": {"uv": [4, 6, 12, 16], "texture": "#3"},
				"west": {"uv": [12, 6, 4, 16], "texture": "#3"}
			}
		},
		{
			"from": [6, 14, 5],
			"to": [11, 16, 10],
			"rotation": {"angle": 0, "axis": "y", "origin": [11, 14, 5]},
			"faces": {
				"north": {"uv": [0, 0, 5, 2], "texture": "#3"},
				"east": {"uv": [0, 0, 5, 2], "texture": "#3"},
				"south": {"uv": [0, 0, 5, 2], "texture": "#3"},
				"west": {"uv": [0, 0, 5, 2], "texture": "#3"},
				"up": {"uv": [0, 0, 5, 5], "texture": "#3"},
				"down": {"uv": [0, 0, 5, 5], "texture": "#3"}
			}
		},
		{
			"from": [3, 8, 5],
			"to": [8, 9, 9],
			"rotation": {"angle": 0, "axis": "y", "origin": [8, 8, 5]},
			"faces": {
				"north": {"uv": [9, 0, 14, 1], "texture": "#3"},
				"east": {"uv": [9, 0, 13, 1], "texture": "#3"},
				"south": {"uv": [9, 0, 14, 1], "texture": "#3"},
				"west": {"uv": [9, 0, 13, 1], "texture": "#3"},
				"up": {"uv": [9, 0, 14, 4], "texture": "#3"},
				"down": {"uv": [9, 0, 14, 4], "texture": "#3"}
			}
		},
		{
			"from": [9, 7.5, 3],
			"to": [14, 8.5, 8],
			"rotation": {"angle": 0, "axis": "y", "origin": [14, 7.5, 3]},
			"faces": {
				"north": {"uv": [11, 0, 16, 1], "texture": "#3"},
				"east": {"uv": [11, 0, 16, 1], "texture": "#3"},
				"south": {"uv": [11, 0, 16, 1], "texture": "#3"},
				"west": {"uv": [11, 0, 16, 1], "texture": "#3"},
				"up": {"uv": [11, 0, 16, 5], "texture": "#3"},
				"down": {"uv": [11, 0, 16, 5], "texture": "#3"}
			}
		},
		{
			"from": [9, 12, 9],
			"to": [13, 14, 14],
			"rotation": {"angle": 0, "axis": "y", "origin": [13, 13, 9]},
			"faces": {
				"north": {"uv": [4, 0, 8, 2], "texture": "#3"},
				"east": {"uv": [4, 0, 9, 2], "texture": "#3"},
				"south": {"uv": [4, 0, 8, 2], "texture": "#3"},
				"west": {"uv": [4, 0, 9, 2], "texture": "#3"},
				"up": {"uv": [4, 0, 8, 5], "texture": "#3"},
				"down": {"uv": [4, 0, 8, 5], "texture": "#3"}
			}
		},
		{
			"from": [1, 12, 8],
			"to": [6, 14, 12],
			"rotation": {"angle": 0, "axis": "y", "origin": [6, 13, 8]},
			"faces": {
				"north": {"uv": [0, 0, 5, 2], "texture": "#3"},
				"east": {"uv": [0, 0, 4, 2], "texture": "#3"},
				"south": {"uv": [0, 0, 5, 2], "texture": "#3"},
				"west": {"uv": [0, 0, 4, 2], "texture": "#3"},
				"up": {"uv": [0, 0, 5, 4], "texture": "#3"},
				"down": {"uv": [0, 0, 5, 4], "texture": "#3"}
			}
		},
		{
			"from": [4, 12, 1],
			"to": [8, 13, 5],
			"rotation": {"angle": 0, "axis": "y", "origin": [8, 12, 1]},
			"faces": {
				"north": {"uv": [3, 1, 7, 2], "texture": "#3"},
				"east": {"uv": [3, 1, 7, 2], "texture": "#3"},
				"south": {"uv": [3, 1, 7, 2], "texture": "#3"},
				"west": {"uv": [3, 1, 7, 2], "texture": "#3"},
				"up": {"uv": [3, 1, 7, 5], "texture": "#3"},
				"down": {"uv": [3, 1, 7, 5], "texture": "#3"}
			}
		},
		{
			"from": [4, 13, 3],
			"to": [7, 14, 7],
			"rotation": {"angle": 0, "axis": "y", "origin": [8, 13, 3]},
			"faces": {
				"north": {"uv": [11, 0, 14, 1], "texture": "#3"},
				"east": {"uv": [11, 0, 15, 1], "texture": "#3"},
				"south": {"uv": [11, 0, 14, 1], "texture": "#3"},
				"west": {"uv": [11, 0, 15, 1], "texture": "#3"},
				"up": {"uv": [11, 0, 14, 4], "texture": "#3"},
				"down": {"uv": [11, 0, 14, 4], "texture": "#3"}
			}
		},
		{
			"from": [9, 12, 3],
			"to": [13, 13, 7],
			"rotation": {"angle": 0, "axis": "y", "origin": [13, 12, 3]},
			"faces": {
				"north": {"uv": [8, 1, 12, 2], "texture": "#3"},
				"east": {"uv": [8, 1, 12, 2], "texture": "#3"},
				"south": {"uv": [8, 1, 12, 2], "texture": "#3"},
				"west": {"uv": [8, 1, 12, 2], "texture": "#3"},
				"up": {"uv": [8, 1, 12, 5], "texture": "#3"},
				"down": {"uv": [8, 1, 12, 5], "texture": "#3"}
			}
		}
	]
}