{
  "variants": {
    "": [
	{"model": "minecraft:block/dandelion1"},
	{"model": "minecraft:block/dandelion1", "y": 90},
	{"model": "minecraft:block/dandelion1", "y": 180},
	{"model": "minecraft:block/dandelion1", "y": 270},
	{"model": "minecraft:block/dandelion2"},
	{"model": "minecraft:block/dandelion2", "y": 90},
	{"model": "minecraft:block/dandelion2", "y": 180},
	{"model": "minecraft:block/dandelion2", "y": 270},
	{"model": "minecraft:block/dandelion3", "weight": 2},
	{"model": "minecraft:block/dandelion3", "y": 90, "weight": 2},
	{"model": "minecraft:block/dandelion3", "y": 180, "weight": 2},
	{"model": "minecraft:block/dandelion3", "y": 270, "weight": 2}
  ]
  }
}