{
  "variants": {
    "": [
	{"model": "minecraft:block/oxeye_daisy1"},
	{"model": "minecraft:block/oxeye_daisy1", "y": 90},
	{"model": "minecraft:block/oxeye_daisy1", "y": 180},
	{"model": "minecraft:block/oxeye_daisy1", "y": 270},
	{"model": "minecraft:block/oxeye_daisy2"},
	{"model": "minecraft:block/oxeye_daisy2", "y": 90},
	{"model": "minecraft:block/oxeye_daisy2", "y": 180},
	{"model": "minecraft:block/oxeye_daisy2", "y": 270},
	{"model": "minecraft:block/oxeye_daisy3", "weight": 2},
	{"model": "minecraft:block/oxeye_daisy3", "y": 90, "weight": 2},
	{"model": "minecraft:block/oxeye_daisy3", "y": 180, "weight": 2},
	{"model": "minecraft:block/oxeye_daisy3", "y": 270, "weight": 2}
  ]
  }
}